{
  "project_info": {
    "project_number": "101656228884",
    "project_id": "cindy-online-shop",
    "storage_bucket": "cindy-online-shop.appspot.com"
  },
  "client": [
    {
      "client_info": {
        "mobilesdk_app_id": "1:101656228884:android:1ce8b392a2c3342c002301",
        "android_client_info": {
          "package_name": "com.kzn.cindy"
        }
      },
      "oauth_client": [
        {
          "client_id": "101656228884-lga4l0ei12o2pi4hth7t883576iv18ni.apps.googleusercontent.com",
          "client_type": 1,
          "android_info": {
            "package_name": "com.kzn.cindy",
            "certificate_hash": "16727ee184f84e424d41e321d3c3defe08e67480"
          }
        },
        {
          "client_id": "101656228884-vk03gj06kefg0j37hib7dcg344qin8co.apps.googleusercontent.com",
          "client_type": 3
        }
      ],
      "api_key": [
        {
          "current_key": "AIzaSyBtv4teNVScMT0liKP7BQjJELXInddwM8E"
        }
      ],
      "services": {
        "appinvite_service": {
          "other_platform_oauth_client": [
            {
              "client_id": "101656228884-vk03gj06kefg0j37hib7dcg344qin8co.apps.googleusercontent.com",
              "client_type": 3
            }
          ]
        }
      }
    }
  ],
  "configuration_version": "1"
}